{"RuleTriggered": 0, "Violations": 0, "Details": {"pin_memory": false, "num_workers": 0, "cores": 2, "dataloaders": 1, "dataloading_time": {"p25": 0.053213250000000004, "p50": 0.057304999999999995, "p95": 0.07619084999999999, "probs": [2, 1, 0, 0, 0, 1, 0, 0, 0, 0, 0, 0, 0, 0, 0, 1, 0, 0, 0, 0, 0, 1, 0, 0, 0, 0, 0, 0, 0, 0, 0, 0, 0, 0, 0, 1, 0, 0, 0, 0, 0, 0, 0, 0, 0, 0, 0, 0, 0, 0, 0, 0, 0, 0, 0, 0, 0, 0, 0, 0, 0, 0, 0, 0, 0, 0, 0, 0, 0, 0, 0, 1, 0, 0, 0, 0, 0, 0, 0, 0, 0, 0, 0, 0, 0, 1, 0, 0, 0, 0, 0, 0, 0, 0, 0, 0, 0, 0, 0, 1], "binedges": [0.052615, 0.052867710000000005, 0.05312042, 0.053373130000000005, 0.05362584, 0.053878550000000004, 0.05413126, 0.054383970000000004, 0.05463668, 0.05488939, 0.0551421, 0.05539481, 0.05564752, 0.05590023, 0.05615294, 0.05640565, 0.056658360000000005, 0.05691107, 0.05716378, 0.05741649, 0.057669200000000004, 0.05792191, 0.05817462, 0.05842733, 0.05868004, 0.05893275, 0.05918546, 0.05943817, 0.05969088, 0.05994359, 0.0601963, 0.06044901, 0.06070172, 0.060954430000000004, 0.06120714, 0.061459849999999996, 0.06171256, 0.06196527, 0.06221798, 0.06247069, 0.0627234, 0.06297611, 0.06322882, 0.06348153, 0.06373424, 0.06398695, 0.06423966, 0.06449237, 0.06474508, 0.06499779, 0.0652505, 0.06550321, 0.06575592, 0.06600863, 0.06626134, 0.06651405, 0.06676676, 0.06701947, 0.06727218, 0.06752489, 0.0677776, 0.06803031, 0.06828302, 0.06853573, 0.06878844, 0.06904115, 0.06929386, 0.06954657, 0.06979927999999999, 0.07005199, 0.0703047, 0.07055741, 0.07081012, 0.07106283, 0.07131554, 0.07156825, 0.07182096, 0.07207367, 0.07232638, 0.07257909, 0.0728318, 0.07308450999999999, 0.07333722, 0.07358993, 0.07384264, 0.07409535, 0.07434806, 0.07460077, 0.07485348, 0.07510619, 0.0753589, 0.07561161, 0.07586432, 0.07611703, 0.07636973999999999, 0.07662245, 0.07687516, 0.07712787, 0.07738058, 0.07763329, 0.077886]}}, "Datapoints": 10, "RuleParameters": "min_threshold:70\nmax_threshold:200"}