{"RuleTriggered": 0, "Violations": 0, "Details": {"step_num": {"first": 1698295073617983, "last": 1698297237587340}, "job_start": 1698294926.00064, "job_end": 1698297239.501984}, "Datapoints": 603, "RuleParameters": "threshold:20"}