{"RuleTriggered": 0, "Violations": 0, "Details": {"ratio": {"cpu_functions": 100.0}, "phase": {"Step:ModeKeys.TRAIN": 66.13880990612981, "others": -2.370585793023103, "Step:ModeKeys.EVAL": 36.2317758868933}, "phase_time": {}, "CPU": {"aten::conv2d": 23.964822723088062, "aten::convolution": 23.9640701356975, "aten::_convolution": 23.963538437592998, "aten::mkldnn_convolution": 23.962128395070774, "aten::max_pool2d": 2.0885512047005186, "aten::max_pool2d_with_indices": 2.0568891038501462}, "CPU_total": {"aten::conv2d": 36778945, "aten::convolution": 36777790, "aten::_convolution": 36776974, "aten::mkldnn_convolution": 36774810, "aten::max_pool2d": 3205311, "aten::max_pool2d_with_indices": 3156719}, "general": {"DataLoaderIterInitialize": 6.295632744633033e-05, "DataLoaderIter": 0.026937950759567144, "Forward": 99.97299909291299}}, "Datapoints": 0, "RuleParameters": ""}