{"RuleTriggered": 14, "Violations": 154, "Details": {"step_details": {"algo-1-34": {"step_stats": {"mean": 3.7355317813953492, "max": 4.941584, "p99": 4.8601698599999965, "p95": 3.8128405999999995, "p50": 3.721782, "min": 3.56161}, "number_of_outliers": 4, "phase": "Step:ModeKeys.EVAL", "stddev": 0.17, "probs": [1, 2, 1, 0, 1, 2, 0, 0, 1, 2, 1, 1, 1, 1, 0, 1, 0, 3, 0, 1, 2, 3, 4, 5, 0, 2, 2, 1, 2, 2, 0, 2, 0, 0, 0, 3, 2, 4, 2, 9, 8, 11, 9, 9, 14, 10, 12, 9, 6, 8, 5, 4, 5, 4, 4, 3, 3, 0, 3, 2, 2, 1, 0, 0, 2, 0, 1, 3, 2, 0, 0, 0, 0, 2, 2, 0, 0, 0, 0, 0, 0, 0, 0, 0, 0, 0, 0, 0, 0, 0, 0, 0, 0, 0, 0, 0, 0, 0, 2, 1], "binedges": [3.56161, 3.56519738, 3.56878476, 3.57237214, 3.57595952, 3.5795469, 3.58313428, 3.58672166, 3.59030904, 3.59389642, 3.5974838, 3.60107118, 3.60465856, 3.6082459399999998, 3.61183332, 3.6154207, 3.61900808, 3.62259546, 3.62618284, 3.62977022, 3.6333576, 3.63694498, 3.64053236, 3.64411974, 3.64770712, 3.6512945, 3.65488188, 3.65846926, 3.66205664, 3.6656440200000002, 3.6692314, 3.67281878, 3.67640616, 3.67999354, 3.68358092, 3.6871683, 3.69075568, 3.69434306, 3.69793044, 3.70151782, 3.7051052, 3.70869258, 3.71227996, 3.71586734, 3.71945472, 3.7230421000000002, 3.72662948, 3.73021686, 3.73380424, 3.73739162, 3.7409790000000003, 3.74456638, 3.74815376, 3.75174114, 3.75532852, 3.7589159, 3.7625032800000002, 3.76609066, 3.76967804, 3.77326542, 3.7768528, 3.7804401800000003, 3.78402756, 3.78761494, 3.79120232, 3.7947897, 3.7983770800000003, 3.80196446, 3.80555184, 3.80913922, 3.8127266, 3.8163139800000003, 3.8199013600000002, 3.82348874, 3.82707612, 3.8306635, 3.83425088, 3.8378382600000003, 3.84142564, 3.84501302, 3.8486004, 3.85218778, 3.8557751600000003, 3.8593625400000002, 3.86294992, 3.8665373, 3.87012468, 3.8737120600000003, 3.8772994400000003, 3.88088682, 3.8844742, 3.88806158, 3.8916489600000004, 3.8952363400000003, 3.89882372, 3.9024111, 3.90599848, 3.90958586, 3.9131732400000003, 3.9167606200000002, 3.920348], "step_numbers": ["2", "2", "11", "18"]}}, "ratio": {}, "phase": {"Step:ModeKeys.EVAL": 100.0}, "phase_time": {}, "general": {"Forward": 100.0}}, "Datapoints": 603, "RuleParameters": "threshold:3\nmode:None\nn_outliers:10\nstddev:3"}